0,"Command '['D:\\2025Spring\\AI\\PJ\\Math_Solver\\.venv\\Scripts\\python.exe', 'C:\\Users\\qiuju\\AppData\\Local\\Temp\\tmpybypr93h.py']' timed out after 1 seconds"
1,"Command '['D:\\2025Spring\\AI\\PJ\\Math_Solver\\.venv\\Scripts\\python.exe', 'C:\\Users\\qiuju\\AppData\\Local\\Temp\\tmptocybuoh.py']' timed out after 1 seconds"
2,"Command '['D:\\2025Spring\\AI\\PJ\\Math_Solver\\.venv\\Scripts\\python.exe', 'C:\\Users\\qiuju\\AppData\\Local\\Temp\\tmp2rxme4yp.py']' timed out after 1 seconds"
3,"Command '['D:\\2025Spring\\AI\\PJ\\Math_Solver\\.venv\\Scripts\\python.exe', 'C:\\Users\\qiuju\\AppData\\Local\\Temp\\tmpx3z6e7q5.py']' timed out after 1 seconds"
4,"Command '['D:\\2025Spring\\AI\\PJ\\Math_Solver\\.venv\\Scripts\\python.exe', 'C:\\Users\\qiuju\\AppData\\Local\\Temp\\tmp2tin7gjb.py']' timed out after 1 seconds"
5,"Command '['D:\\2025Spring\\AI\\PJ\\Math_Solver\\.venv\\Scripts\\python.exe', 'C:\\Users\\qiuju\\AppData\\Local\\Temp\\tmpe9m065ci.py']' timed out after 1 seconds"
6,"Command '['D:\\2025Spring\\AI\\PJ\\Math_Solver\\.venv\\Scripts\\python.exe', 'C:\\Users\\qiuju\\AppData\\Local\\Temp\\tmphpa72r_c.py']' timed out after 1 seconds"
7,"Command '['D:\\2025Spring\\AI\\PJ\\Math_Solver\\.venv\\Scripts\\python.exe', 'C:\\Users\\qiuju\\AppData\\Local\\Temp\\tmpy4i3xmju.py']' timed out after 1 seconds"
8,"Command '['D:\\2025Spring\\AI\\PJ\\Math_Solver\\.venv\\Scripts\\python.exe', 'C:\\Users\\qiuju\\AppData\\Local\\Temp\\tmprs9ykziw.py']' timed out after 1 seconds"
9,"Command '['D:\\2025Spring\\AI\\PJ\\Math_Solver\\.venv\\Scripts\\python.exe', 'C:\\Users\\qiuju\\AppData\\Local\\Temp\\tmpw9n3yamb.py']' timed out after 1 seconds"
10,"Command '['D:\\2025Spring\\AI\\PJ\\Math_Solver\\.venv\\Scripts\\python.exe', 'C:\\Users\\qiuju\\AppData\\Local\\Temp\\tmpy3wo8ws5.py']' timed out after 1 seconds"
11,"Command '['D:\\2025Spring\\AI\\PJ\\Math_Solver\\.venv\\Scripts\\python.exe', 'C:\\Users\\qiuju\\AppData\\Local\\Temp\\tmpxlwjnt1v.py']' timed out after 1 seconds"
12,"Command '['D:\\2025Spring\\AI\\PJ\\Math_Solver\\.venv\\Scripts\\python.exe', 'C:\\Users\\qiuju\\AppData\\Local\\Temp\\tmpj6cs34ep.py']' timed out after 1 seconds"
13,"Command '['D:\\2025Spring\\AI\\PJ\\Math_Solver\\.venv\\Scripts\\python.exe', 'C:\\Users\\qiuju\\AppData\\Local\\Temp\\tmp9u23au48.py']' timed out after 1 seconds"
14,"Command '['D:\\2025Spring\\AI\\PJ\\Math_Solver\\.venv\\Scripts\\python.exe', 'C:\\Users\\qiuju\\AppData\\Local\\Temp\\tmp8qyw_ymo.py']' timed out after 1 seconds"
15,"Command '['D:\\2025Spring\\AI\\PJ\\Math_Solver\\.venv\\Scripts\\python.exe', 'C:\\Users\\qiuju\\AppData\\Local\\Temp\\tmpmft3v7pd.py']' timed out after 1 seconds"
16,"Command '['D:\\2025Spring\\AI\\PJ\\Math_Solver\\.venv\\Scripts\\python.exe', 'C:\\Users\\qiuju\\AppData\\Local\\Temp\\tmpfqojpg3x.py']' timed out after 1 seconds"
17,"Command '['D:\\2025Spring\\AI\\PJ\\Math_Solver\\.venv\\Scripts\\python.exe', 'C:\\Users\\qiuju\\AppData\\Local\\Temp\\tmpstjvpwf5.py']' timed out after 1 seconds"
18,"Command '['D:\\2025Spring\\AI\\PJ\\Math_Solver\\.venv\\Scripts\\python.exe', 'C:\\Users\\qiuju\\AppData\\Local\\Temp\\tmp99lbfl5_.py']' timed out after 1 seconds"
19,"Command '['D:\\2025Spring\\AI\\PJ\\Math_Solver\\.venv\\Scripts\\python.exe', 'C:\\Users\\qiuju\\AppData\\Local\\Temp\\tmpwcy0p6g4.py']' timed out after 1 seconds"
20,"Command '['D:\\2025Spring\\AI\\PJ\\Math_Solver\\.venv\\Scripts\\python.exe', 'C:\\Users\\qiuju\\AppData\\Local\\Temp\\tmptwrctoi1.py']' timed out after 1 seconds"
21,"Command '['D:\\2025Spring\\AI\\PJ\\Math_Solver\\.venv\\Scripts\\python.exe', 'C:\\Users\\qiuju\\AppData\\Local\\Temp\\tmpstyn6hmt.py']' timed out after 1 seconds"
22,"Command '['D:\\2025Spring\\AI\\PJ\\Math_Solver\\.venv\\Scripts\\python.exe', 'C:\\Users\\qiuju\\AppData\\Local\\Temp\\tmpa2j2mkxo.py']' timed out after 1 seconds"
23,"Command '['D:\\2025Spring\\AI\\PJ\\Math_Solver\\.venv\\Scripts\\python.exe', 'C:\\Users\\qiuju\\AppData\\Local\\Temp\\tmpu4935je3.py']' timed out after 1 seconds"
24,"Command '['D:\\2025Spring\\AI\\PJ\\Math_Solver\\.venv\\Scripts\\python.exe', 'C:\\Users\\qiuju\\AppData\\Local\\Temp\\tmp0v92tsxr.py']' timed out after 1 seconds"
25,"Command '['D:\\2025Spring\\AI\\PJ\\Math_Solver\\.venv\\Scripts\\python.exe', 'C:\\Users\\qiuju\\AppData\\Local\\Temp\\tmp07p_chdd.py']' timed out after 1 seconds"
26,"Command '['D:\\2025Spring\\AI\\PJ\\Math_Solver\\.venv\\Scripts\\python.exe', 'C:\\Users\\qiuju\\AppData\\Local\\Temp\\tmpvczi1ndo.py']' timed out after 1 seconds"
27,"Command '['D:\\2025Spring\\AI\\PJ\\Math_Solver\\.venv\\Scripts\\python.exe', 'C:\\Users\\qiuju\\AppData\\Local\\Temp\\tmpo7d3zizt.py']' timed out after 1 seconds"
28,"Command '['D:\\2025Spring\\AI\\PJ\\Math_Solver\\.venv\\Scripts\\python.exe', 'C:\\Users\\qiuju\\AppData\\Local\\Temp\\tmp6rlhnz19.py']' timed out after 1 seconds"
29,"Command '['D:\\2025Spring\\AI\\PJ\\Math_Solver\\.venv\\Scripts\\python.exe', 'C:\\Users\\qiuju\\AppData\\Local\\Temp\\tmp45fjdtb2.py']' timed out after 1 seconds"
30,"Command '['D:\\2025Spring\\AI\\PJ\\Math_Solver\\.venv\\Scripts\\python.exe', 'C:\\Users\\qiuju\\AppData\\Local\\Temp\\tmptf4ii8i4.py']' timed out after 1 seconds"
31,"Command '['D:\\2025Spring\\AI\\PJ\\Math_Solver\\.venv\\Scripts\\python.exe', 'C:\\Users\\qiuju\\AppData\\Local\\Temp\\tmpnmxvadfv.py']' timed out after 1 seconds"
32,"Command '['D:\\2025Spring\\AI\\PJ\\Math_Solver\\.venv\\Scripts\\python.exe', 'C:\\Users\\qiuju\\AppData\\Local\\Temp\\tmpis1wxhg5.py']' timed out after 1 seconds"
33,"Command '['D:\\2025Spring\\AI\\PJ\\Math_Solver\\.venv\\Scripts\\python.exe', 'C:\\Users\\qiuju\\AppData\\Local\\Temp\\tmptfeo6ypo.py']' timed out after 1 seconds"
34,"Command '['D:\\2025Spring\\AI\\PJ\\Math_Solver\\.venv\\Scripts\\python.exe', 'C:\\Users\\qiuju\\AppData\\Local\\Temp\\tmpr2x7m2oq.py']' timed out after 1 seconds"
35,"Command '['D:\\2025Spring\\AI\\PJ\\Math_Solver\\.venv\\Scripts\\python.exe', 'C:\\Users\\qiuju\\AppData\\Local\\Temp\\tmpflifshzi.py']' timed out after 1 seconds"
36,"Command '['D:\\2025Spring\\AI\\PJ\\Math_Solver\\.venv\\Scripts\\python.exe', 'C:\\Users\\qiuju\\AppData\\Local\\Temp\\tmpaahft10i.py']' timed out after 1 seconds"
37,"Command '['D:\\2025Spring\\AI\\PJ\\Math_Solver\\.venv\\Scripts\\python.exe', 'C:\\Users\\qiuju\\AppData\\Local\\Temp\\tmpzyyt1ylk.py']' timed out after 1 seconds"
38,"Command '['D:\\2025Spring\\AI\\PJ\\Math_Solver\\.venv\\Scripts\\python.exe', 'C:\\Users\\qiuju\\AppData\\Local\\Temp\\tmpj8l4addr.py']' timed out after 1 seconds"
39,"Command '['D:\\2025Spring\\AI\\PJ\\Math_Solver\\.venv\\Scripts\\python.exe', 'C:\\Users\\qiuju\\AppData\\Local\\Temp\\tmp1wayyj8y.py']' timed out after 1 seconds"
40,"Command '['D:\\2025Spring\\AI\\PJ\\Math_Solver\\.venv\\Scripts\\python.exe', 'C:\\Users\\qiuju\\AppData\\Local\\Temp\\tmp661nk3n3.py']' timed out after 1 seconds"
41,"Command '['D:\\2025Spring\\AI\\PJ\\Math_Solver\\.venv\\Scripts\\python.exe', 'C:\\Users\\qiuju\\AppData\\Local\\Temp\\tmp9yij2tuk.py']' timed out after 1 seconds"
42,"Command '['D:\\2025Spring\\AI\\PJ\\Math_Solver\\.venv\\Scripts\\python.exe', 'C:\\Users\\qiuju\\AppData\\Local\\Temp\\tmp2zfliffw.py']' timed out after 1 seconds"
43,"Command '['D:\\2025Spring\\AI\\PJ\\Math_Solver\\.venv\\Scripts\\python.exe', 'C:\\Users\\qiuju\\AppData\\Local\\Temp\\tmpi7bdm6gi.py']' timed out after 1 seconds"
44,"Command '['D:\\2025Spring\\AI\\PJ\\Math_Solver\\.venv\\Scripts\\python.exe', 'C:\\Users\\qiuju\\AppData\\Local\\Temp\\tmp9y6qt4ib.py']' timed out after 1 seconds"
45,"Command '['D:\\2025Spring\\AI\\PJ\\Math_Solver\\.venv\\Scripts\\python.exe', 'C:\\Users\\qiuju\\AppData\\Local\\Temp\\tmpu7xp82oc.py']' timed out after 1 seconds"
46,"Command '['D:\\2025Spring\\AI\\PJ\\Math_Solver\\.venv\\Scripts\\python.exe', 'C:\\Users\\qiuju\\AppData\\Local\\Temp\\tmpfc47hm68.py']' timed out after 1 seconds"
47,"Command '['D:\\2025Spring\\AI\\PJ\\Math_Solver\\.venv\\Scripts\\python.exe', 'C:\\Users\\qiuju\\AppData\\Local\\Temp\\tmpjbxe9hrr.py']' timed out after 1 seconds"
48,"Command '['D:\\2025Spring\\AI\\PJ\\Math_Solver\\.venv\\Scripts\\python.exe', 'C:\\Users\\qiuju\\AppData\\Local\\Temp\\tmp_dh5k3ek.py']' timed out after 1 seconds"
49,"Command '['D:\\2025Spring\\AI\\PJ\\Math_Solver\\.venv\\Scripts\\python.exe', 'C:\\Users\\qiuju\\AppData\\Local\\Temp\\tmpadacj2v0.py']' timed out after 1 seconds"
50,"Command '['D:\\2025Spring\\AI\\PJ\\Math_Solver\\.venv\\Scripts\\python.exe', 'C:\\Users\\qiuju\\AppData\\Local\\Temp\\tmpd08erqm0.py']' timed out after 1 seconds"
51,"Command '['D:\\2025Spring\\AI\\PJ\\Math_Solver\\.venv\\Scripts\\python.exe', 'C:\\Users\\qiuju\\AppData\\Local\\Temp\\tmpzmsshxgj.py']' timed out after 1 seconds"
52,"Command '['D:\\2025Spring\\AI\\PJ\\Math_Solver\\.venv\\Scripts\\python.exe', 'C:\\Users\\qiuju\\AppData\\Local\\Temp\\tmp5984ysd2.py']' timed out after 1 seconds"
53,"Command '['D:\\2025Spring\\AI\\PJ\\Math_Solver\\.venv\\Scripts\\python.exe', 'C:\\Users\\qiuju\\AppData\\Local\\Temp\\tmpuvyt07ga.py']' timed out after 1 seconds"
54,"Command '['D:\\2025Spring\\AI\\PJ\\Math_Solver\\.venv\\Scripts\\python.exe', 'C:\\Users\\qiuju\\AppData\\Local\\Temp\\tmpj8yikycz.py']' timed out after 1 seconds"
55,"Command '['D:\\2025Spring\\AI\\PJ\\Math_Solver\\.venv\\Scripts\\python.exe', 'C:\\Users\\qiuju\\AppData\\Local\\Temp\\tmppfpe0clv.py']' timed out after 1 seconds"
56,"Command '['D:\\2025Spring\\AI\\PJ\\Math_Solver\\.venv\\Scripts\\python.exe', 'C:\\Users\\qiuju\\AppData\\Local\\Temp\\tmp1u6dib9_.py']' timed out after 1 seconds"
57,"Command '['D:\\2025Spring\\AI\\PJ\\Math_Solver\\.venv\\Scripts\\python.exe', 'C:\\Users\\qiuju\\AppData\\Local\\Temp\\tmpdmau2hd0.py']' timed out after 1 seconds"
58,"Command '['D:\\2025Spring\\AI\\PJ\\Math_Solver\\.venv\\Scripts\\python.exe', 'C:\\Users\\qiuju\\AppData\\Local\\Temp\\tmp266m0aiv.py']' timed out after 1 seconds"
59,"Command '['D:\\2025Spring\\AI\\PJ\\Math_Solver\\.venv\\Scripts\\python.exe', 'C:\\Users\\qiuju\\AppData\\Local\\Temp\\tmpjmyswqw7.py']' timed out after 1 seconds"
60,"Command '['D:\\2025Spring\\AI\\PJ\\Math_Solver\\.venv\\Scripts\\python.exe', 'C:\\Users\\qiuju\\AppData\\Local\\Temp\\tmpif95cref.py']' timed out after 1 seconds"
61,"Command '['D:\\2025Spring\\AI\\PJ\\Math_Solver\\.venv\\Scripts\\python.exe', 'C:\\Users\\qiuju\\AppData\\Local\\Temp\\tmp5374iwot.py']' timed out after 1 seconds"
62,"Command '['D:\\2025Spring\\AI\\PJ\\Math_Solver\\.venv\\Scripts\\python.exe', 'C:\\Users\\qiuju\\AppData\\Local\\Temp\\tmp6sn480q9.py']' timed out after 1 seconds"
63,"Command '['D:\\2025Spring\\AI\\PJ\\Math_Solver\\.venv\\Scripts\\python.exe', 'C:\\Users\\qiuju\\AppData\\Local\\Temp\\tmpzr4vfswi.py']' timed out after 1 seconds"
64,"Command '['D:\\2025Spring\\AI\\PJ\\Math_Solver\\.venv\\Scripts\\python.exe', 'C:\\Users\\qiuju\\AppData\\Local\\Temp\\tmptn51whjd.py']' timed out after 1 seconds"
65,"Command '['D:\\2025Spring\\AI\\PJ\\Math_Solver\\.venv\\Scripts\\python.exe', 'C:\\Users\\qiuju\\AppData\\Local\\Temp\\tmp3_1dz9w6.py']' timed out after 1 seconds"
66,"Command '['D:\\2025Spring\\AI\\PJ\\Math_Solver\\.venv\\Scripts\\python.exe', 'C:\\Users\\qiuju\\AppData\\Local\\Temp\\tmphg57eg6c.py']' timed out after 1 seconds"
67,"Command '['D:\\2025Spring\\AI\\PJ\\Math_Solver\\.venv\\Scripts\\python.exe', 'C:\\Users\\qiuju\\AppData\\Local\\Temp\\tmpnjaye9xf.py']' timed out after 1 seconds"
68,"Command '['D:\\2025Spring\\AI\\PJ\\Math_Solver\\.venv\\Scripts\\python.exe', 'C:\\Users\\qiuju\\AppData\\Local\\Temp\\tmpat48pxto.py']' timed out after 1 seconds"
69,"Command '['D:\\2025Spring\\AI\\PJ\\Math_Solver\\.venv\\Scripts\\python.exe', 'C:\\Users\\qiuju\\AppData\\Local\\Temp\\tmp96_ywhzw.py']' timed out after 1 seconds"
70,"Command '['D:\\2025Spring\\AI\\PJ\\Math_Solver\\.venv\\Scripts\\python.exe', 'C:\\Users\\qiuju\\AppData\\Local\\Temp\\tmpa8_0p1y6.py']' timed out after 1 seconds"
71,"Command '['D:\\2025Spring\\AI\\PJ\\Math_Solver\\.venv\\Scripts\\python.exe', 'C:\\Users\\qiuju\\AppData\\Local\\Temp\\tmp2l8nwqwg.py']' timed out after 1 seconds"
72,"Command '['D:\\2025Spring\\AI\\PJ\\Math_Solver\\.venv\\Scripts\\python.exe', 'C:\\Users\\qiuju\\AppData\\Local\\Temp\\tmpest25nl6.py']' timed out after 1 seconds"
73,"Command '['D:\\2025Spring\\AI\\PJ\\Math_Solver\\.venv\\Scripts\\python.exe', 'C:\\Users\\qiuju\\AppData\\Local\\Temp\\tmpjoh9r573.py']' timed out after 1 seconds"
74,"Command '['D:\\2025Spring\\AI\\PJ\\Math_Solver\\.venv\\Scripts\\python.exe', 'C:\\Users\\qiuju\\AppData\\Local\\Temp\\tmp8tqsgq6o.py']' timed out after 1 seconds"
75,"Command '['D:\\2025Spring\\AI\\PJ\\Math_Solver\\.venv\\Scripts\\python.exe', 'C:\\Users\\qiuju\\AppData\\Local\\Temp\\tmpvby3zf_7.py']' timed out after 1 seconds"
76,"Command '['D:\\2025Spring\\AI\\PJ\\Math_Solver\\.venv\\Scripts\\python.exe', 'C:\\Users\\qiuju\\AppData\\Local\\Temp\\tmpkuzkg_5u.py']' timed out after 1 seconds"
77,"Command '['D:\\2025Spring\\AI\\PJ\\Math_Solver\\.venv\\Scripts\\python.exe', 'C:\\Users\\qiuju\\AppData\\Local\\Temp\\tmpewjrbh6y.py']' timed out after 1 seconds"
78,"Command '['D:\\2025Spring\\AI\\PJ\\Math_Solver\\.venv\\Scripts\\python.exe', 'C:\\Users\\qiuju\\AppData\\Local\\Temp\\tmpygom46ae.py']' timed out after 1 seconds"
79,"Command '['D:\\2025Spring\\AI\\PJ\\Math_Solver\\.venv\\Scripts\\python.exe', 'C:\\Users\\qiuju\\AppData\\Local\\Temp\\tmphnhg97ry.py']' timed out after 1 seconds"
80,"Command '['D:\\2025Spring\\AI\\PJ\\Math_Solver\\.venv\\Scripts\\python.exe', 'C:\\Users\\qiuju\\AppData\\Local\\Temp\\tmpwzrwegsf.py']' timed out after 1 seconds"
81,"Command '['D:\\2025Spring\\AI\\PJ\\Math_Solver\\.venv\\Scripts\\python.exe', 'C:\\Users\\qiuju\\AppData\\Local\\Temp\\tmp37ks77yz.py']' timed out after 1 seconds"
82,"Command '['D:\\2025Spring\\AI\\PJ\\Math_Solver\\.venv\\Scripts\\python.exe', 'C:\\Users\\qiuju\\AppData\\Local\\Temp\\tmpe910nqj_.py']' timed out after 1 seconds"
83,"Command '['D:\\2025Spring\\AI\\PJ\\Math_Solver\\.venv\\Scripts\\python.exe', 'C:\\Users\\qiuju\\AppData\\Local\\Temp\\tmpwe7s0r9n.py']' timed out after 1 seconds"
84,"Command '['D:\\2025Spring\\AI\\PJ\\Math_Solver\\.venv\\Scripts\\python.exe', 'C:\\Users\\qiuju\\AppData\\Local\\Temp\\tmpfu6960tg.py']' timed out after 1 seconds"
85,"Command '['D:\\2025Spring\\AI\\PJ\\Math_Solver\\.venv\\Scripts\\python.exe', 'C:\\Users\\qiuju\\AppData\\Local\\Temp\\tmp1a4ujyof.py']' timed out after 1 seconds"
86,"Command '['D:\\2025Spring\\AI\\PJ\\Math_Solver\\.venv\\Scripts\\python.exe', 'C:\\Users\\qiuju\\AppData\\Local\\Temp\\tmp3m1p2ps0.py']' timed out after 1 seconds"
87,"Command '['D:\\2025Spring\\AI\\PJ\\Math_Solver\\.venv\\Scripts\\python.exe', 'C:\\Users\\qiuju\\AppData\\Local\\Temp\\tmp6ukrffrl.py']' timed out after 1 seconds"
88,"Command '['D:\\2025Spring\\AI\\PJ\\Math_Solver\\.venv\\Scripts\\python.exe', 'C:\\Users\\qiuju\\AppData\\Local\\Temp\\tmppj3rdaag.py']' timed out after 1 seconds"
89,"Command '['D:\\2025Spring\\AI\\PJ\\Math_Solver\\.venv\\Scripts\\python.exe', 'C:\\Users\\qiuju\\AppData\\Local\\Temp\\tmp479qx3vi.py']' timed out after 1 seconds"
90,"Command '['D:\\2025Spring\\AI\\PJ\\Math_Solver\\.venv\\Scripts\\python.exe', 'C:\\Users\\qiuju\\AppData\\Local\\Temp\\tmpneqvwqps.py']' timed out after 1 seconds"
91,"Command '['D:\\2025Spring\\AI\\PJ\\Math_Solver\\.venv\\Scripts\\python.exe', 'C:\\Users\\qiuju\\AppData\\Local\\Temp\\tmpygchgp_3.py']' timed out after 1 seconds"
92,"Command '['D:\\2025Spring\\AI\\PJ\\Math_Solver\\.venv\\Scripts\\python.exe', 'C:\\Users\\qiuju\\AppData\\Local\\Temp\\tmpf3fn6e47.py']' timed out after 1 seconds"
93,"Command '['D:\\2025Spring\\AI\\PJ\\Math_Solver\\.venv\\Scripts\\python.exe', 'C:\\Users\\qiuju\\AppData\\Local\\Temp\\tmpax2espu9.py']' timed out after 1 seconds"
94,"Command '['D:\\2025Spring\\AI\\PJ\\Math_Solver\\.venv\\Scripts\\python.exe', 'C:\\Users\\qiuju\\AppData\\Local\\Temp\\tmp10fzgqtq.py']' timed out after 1 seconds"
95,"Command '['D:\\2025Spring\\AI\\PJ\\Math_Solver\\.venv\\Scripts\\python.exe', 'C:\\Users\\qiuju\\AppData\\Local\\Temp\\tmpchkedycy.py']' timed out after 1 seconds"
96,"Command '['D:\\2025Spring\\AI\\PJ\\Math_Solver\\.venv\\Scripts\\python.exe', 'C:\\Users\\qiuju\\AppData\\Local\\Temp\\tmppmv17_8i.py']' timed out after 1 seconds"
97,"Command '['D:\\2025Spring\\AI\\PJ\\Math_Solver\\.venv\\Scripts\\python.exe', 'C:\\Users\\qiuju\\AppData\\Local\\Temp\\tmpq700ncc8.py']' timed out after 1 seconds"
98,"Command '['D:\\2025Spring\\AI\\PJ\\Math_Solver\\.venv\\Scripts\\python.exe', 'C:\\Users\\qiuju\\AppData\\Local\\Temp\\tmpvbnokxwx.py']' timed out after 1 seconds"
99,"Command '['D:\\2025Spring\\AI\\PJ\\Math_Solver\\.venv\\Scripts\\python.exe', 'C:\\Users\\qiuju\\AppData\\Local\\Temp\\tmp27lmp_tj.py']' timed out after 1 seconds"
